appid,name
10,Counter-Strike
20,Team Fortress Classic
30,Day of Defeat
40,Deathmatch Classic
50,Half-Life: Opposing Force
60,Ricochet
70,Half-Life
80,Counter-Strike: Condition Zero
130,Half-Life: Blue Shift
220,Half-Life 2
240,Counter-Strike: Source
280,Half-Life: Source
300,Day of Defeat: Source
320,Half-Life 2: Deathmatch
340,Half-Life 2: Lost Coast
360,Half-Life Deathmatch: Source
380,Half-Life 2: Episode One
400,Portal
420,Half-Life 2: Episode Two
440,Team Fortress 2
500,Left 4 Dead
550,Left 4 Dead 2
570,Dota 2
620,Portal 2
730,Counter-Strike: Global Offensive
1200,Red Orchestra: Ostfront 41-45
1250,Killing Floor
1510,Uplink
1520,DEFCON
1700,Arx Fatalis
1930,Two Worlds 
2100,Dark Messiah of Might & Magic
2200,Quake III Arena
2210,Quake IV
2270,Wolfenstein 3D
2280,Ultimate Doom
2300,DOOM II
2310,QUAKE
2320,QUAKE II
2400,The Ship: Murder Party
2500,Shadowgrounds
2600,Vampire: The Masquerade - Bloodlines
2610,GUN™
2620,Call of Duty®
2630,Call of Duty® 2
2640,Call of Duty: United Offensive
2820,X3: Terran Conflict
2870,X Rebirth
2990,FlatOut 2™
3020,Call of Juarez™
3330,Zuma Deluxe
3480,Peggle Deluxe
3590,Plants vs. Zombies 
3620,Zuma's Revenge!
3700,Sniper Elite
3720,Evil Genius
3730,Aliens versus Predator Classic 2000
3830,Psychonauts
3900,Sid Meier's Civilization® IV
3910,Sid Meier's Civilization® III Complete
3920,Sid Meier's Pirates!
4000,Garry's Mod
4500,S.T.A.L.K.E.R.: Shadow of Chernobyl
4560,Company of Heroes - 
4570,"Warhammer® 40,000: Dawn of War® - "
4580,"Warhammer® 40,000: Dawn of War® - Dark Crusade"
4700,Total War: MEDIEVAL II – 
4720,Condemned: Criminal Origins
4760,Rome: Total War™ - Collection
4850,Cossacks: Back to War
4920,Natural Selection 2
6000,STAR WARS™ Republic Commando™
6020,STAR WARS™ Jedi Knight - Jedi Academy™
6030,STAR WARS™ Jedi Knight II - Jedi Outcast™
6060,"Star Wars: Battlefront 2 (Classic, 2005)"
6120,Shank
6200,Ghost Master®
6220,FlatOut
6310,The Longest Journey
6550,Devil May Cry® 3 
6800,Commandos: Behind Enemy Lines
6830,Commandos 2: Men of Courage
6850,Hitman 2: Silent Assassin
6860,Hitman: Blood Money
6880,Just Cause
6900,Hitman: Codename 47
6910,Deus Ex: 
6920,Deus Ex: Invisible War
6980,Thief: Deadly Shadows
7000,Tomb Raider: Legend
7110,Jade Empire™: 
7200,Trackmania United Forever 
7520,Two Worlds II HD
7600,Sid Meier's Railroads!
7760,X-COM: UFO Defense
7830,Men of War™
7940,Call of Duty® 4: Modern Warfare®
8000,Tomb Raider: Anniversary
8080,Kane and Lynch: Dead Men™
8140,Tomb Raider: Underworld
8170,Battlestations Pacific
8190,Just Cause 2
8500,EVE Online
8600,RACE 07
8800,Civilization IV: Beyond the Sword
8870,BioShock Infinite
8930,Sid Meier's Civilization® V
9010,Return to Castle Wolfenstein
9050,DOOM 3
9180,Commander Keen
9200,RAGE
9310,"Warhammer® 40,000: Dawn of War® – Winter Assault"
9350,Supreme Commander
9420,Supreme Commander: Forged Alliance
9450,"Warhammer® 40,000: Dawn of War® - Soulstorm"
9480,Saints Row 2
10090,Call of Duty: World at War
10150,Prototype™
10180,Call of Duty®: Modern Warfare® 2
10220,Postal III
10500,Total War: EMPIRE – 
10680,Aliens vs. Predator™
11450,Overlord™
12100,Grand Theft Auto III
12110,Grand Theft Auto: Vice City
12120,Grand Theft Auto: San Andreas
12130,Manhunt
12140,Max Payne
12150,Max Payne 2: The Fall of Max Payne
12200,Bully: 
12210,Grand Theft Auto IV
12220,Grand Theft Auto: Episodes from Liberty City
12320,Sacred Gold
12360,FlatOut: Ultimate Carnage
12710,Overlord™: Raising Hell
12810,Overlord II
12830,Operation Flashpoint: Dragon Rising
13210,Unreal Tournament 3 Black
13230,Unreal Tournament 2004: 
13240,Unreal Tournament: 
13250,Unreal Gold
13500,Prince of Persia: Warrior Within™
13520,Far Cry®
13530,Prince of Persia: The Two Thrones™
13560,Tom Clancy's Splinter Cell®
13570,Tom Clancy's Splinter Cell Chaos Theory®
13580,Tom Clancy's Splinter Cell Double Agent®
13600,Prince of Persia®: The Sands of Time
15100,Assassin's Creed™: 
15120,Tom Clancy's Rainbow Six® Vegas 2
15130,Beyond Good and Evil™
15170,Heroes of Might & Magic V
15210,Silent Hunter® III
15320,IL-2 Sturmovik: 1946
15370,Heroes of Might & Magic V: Tribes of the East
15390,Brothers in Arms: Hell's Highway™
15620,"Warhammer 40,000: Dawn of War II"
15700,Oddworld: Abe's Oddysee®
15710,Oddworld: Abe's Exoddus®
15750,Oddworld: Stranger's Wrath HD
16450,F.E.A.R. 2: Project Origin
16720,Velvet Assassin
16730,Legendary
16900,GROUND BRANCH
17300,Crysis
17330,Crysis Warhead®
17390,SPORE™
17410,Mirror's Edge™
17430,Need for Speed Undercover
17440,SPORE™ Creepy & Cute Parts Pack
17450,Dragon Age: Origins
17460,Mass Effect
17470,Dead Space
17480,Command & Conquer: Red Alert 3
17710,Nuclear Dawn
18500,Defense Grid: The Awakening
19000,Silent Hill Homecoming
19830,Tom Clancy's Rainbow Six® 3 Gold
19900,Far Cry® 2: 
19980,Prince of Persia®
20510,S.T.A.L.K.E.R.: Clear Sky
20530,Red Faction
20540,Company of Heroes: Tales of Valor
20570,"Warhammer® 40,000: Dawn of War® II Chaos Rising"
20900,The Witcher:  Director's Cut
20920,The Witcher 2: Assassins of Kings 
21000,LEGO® Batman™: The Videogame
21090,F.E.A.R.
21100,F.E.A.R. 3
21130,LEGO® Harry Potter: Years 1-4
21690,Resident Evil™ 5/ Biohazard 5®
21980,Call of Juarez®: Bound in Blood
22000,World of Goo
22100,Mount & Blade
22120,Penumbra: Black Plague 
22180,Penumbra Overture
22200,Zeno Clash
22230,Rock of Ages
22300,Fallout 3
22320,The Elder Scrolls III: Morrowind® 
22330,The Elder Scrolls IV: Oblivion® 
22350,BRINK
22370,Fallout 3: 
22380,Fallout: New Vegas
22600,Worms Reloaded
24010,Train Simulator 2019
24240,PAYDAY™ The Heist
24670,Trainz™ Simulator 12
24720,SPORE™ Galactic Adventures
24740,Burnout Paradise: The Ultimate Box
24780,SimCity™ 4 
24790,Command & Conquer 3: Tiberium Wars
24800,Command & Conquer: Red Alert 3 - Uprising
24810,Command & Conquer 3: Kane's Wrath
24840,Medal of Honor: Airborne
24870,Need for Speed: Shift
24960,Battlefield: Bad Company™ 2
24980,Mass Effect 2
25000,Overgrowth
25800,Europa Universalis III Complete
25830,Knights of Honor
25890,Hearts of Iron III
25900,King's Bounty: The Legend
26800,Braid
28000,Kane & Lynch 2: Dog Days
29800,Caster
31270,Puzzle Agent
32330,LEGO® Indiana Jones™: The Original Adventures
32360,The Secret of Monkey Island: 
32370,STAR WARS™ - Knights of the Old Republic™
32380,STAR WARS™ Jedi Knight: Dark Forces II
32400,STAR WARS™ - Dark Forces
32430,STAR WARS™ - The Force Unleashed™ Ultimate Sith Edition
32440,LEGO® Star Wars™ - The Complete Saga
32460,Monkey Island™ 2 : LeChuck’s Revenge™
32470,STAR WARS™ Empire at War - Gold Pack
32500,STAR WARS™: The Force Unleashed™ II
32510,LEGO® Star Wars™ III - The Clone Wars™
33100,Alien Shooter
33120,Alien Shooter 2: Reloaded
33230,Assassin's Creed 2 
33320,Prince of Persia: The Forgotten Sands™
33460,From Dust
33900,Arma 2
33930,Arma 2: Operation Arrowhead
34010,Alpha Protocol™
34030,Total War: NAPOLEON – 
34190,Sonic & SEGA All-Stars Racing
34830,Sniper: Ghost Warrior
34870,Sniper: Ghost Warrior 2
34900,Bad Rats: the Rats' Revenge
35000,Mini Ninjas
35130,Lara Croft and the Guardian of Light
35140,Batman: Arkham Asylum 
35450,Red Orchestra 2: Heroes of Stalingrad with Rising Storm
35700,Trine 
35720,Trine 2: Complete Story
38400,Fallout: A Post Nuclear Role Playing Game
38410,Fallout 2: A Post Nuclear Role Playing Game
38420,Fallout Tactics: Brotherhood of Steel
38600,Faerie Solitaire
38700,Toki Tori
38720,RUSH
38740,EDGE
39140,FINAL FANTASY VII
39150,FINAL FANTASY VIII
39190,Dungeon Siege
39200,Dungeon Siege II
39210,FINAL FANTASY XIV Online
39500,Gothic® 3
39510,Gothic II: 
39540,SpellForce - 
39680,The Guild II Renaissance
39690,ArcaniA
39800,Nation Red
40100,Supreme Commander 2
40300,Risen
40390,Risen 2: Dark Waters
40700,Machinarium
40720,Samorost 2
40950,Stronghold HD
40970,Stronghold Crusader HD
40980,Stronghold Legends: 
40990,Mafia
41000,Serious Sam HD: The First Encounter
41070,Serious Sam 3: BFE
41500,Torchlight
41700,S.T.A.L.K.E.R.: Call of Pripyat
42670,Singularity™
42700,Call of Duty®: Black Ops
42910,Magicka
42960,Victoria II
44350,GRID 2
45700,Devil May Cry 4
45740,Dead Rising® 2
45750,Lost Planet® 2
45760,Ultra Street Fighter® IV
45770,Dead Rising 2: Off the Record
46500,Syberia
46510,Syberia II
47400,Stronghold 3 Gold
47700,Command & Conquer 4: Tiberian Twilight
47780,Dead Space™ 2
47790,Medal of Honor™
47810,Dragon Age: Origins - 
47870,Need For Speed: Hot Pursuit
47890,The Sims™ 3
47920,Shift 2 Unleashed
48000,LIMBO
48110,Silent Hunter 5®: Battle of the Atlantic
48190,Assassin’s Creed® Brotherhood
48240,Anno 2070™
48700,Mount & Blade: Warband
48720,Mount & Blade: With Fire & Sword
48800,Ship Simulator Extremes
49520,Borderlands 2
49600,Beat Hazard
50130,Mafia II
50300,Spec Ops: The Line
55100,Homefront
55110,Red Faction®: Armageddon™
55140,MX vs. ATV Reflex
55150,"Warhammer 40,000: Space Marine"
55230,Saints Row: The Third
57300,Amnesia: The Dark Descent
57640,Broken Sword: Director's Cut
57690,Tropico 4
57900,Duke Nukem Forever
58610,Wargame: European Escalation
61700,Might & Magic: Clash of Heroes
63710,BIT.TRIP RUNNER
64000,Men of War: Assault Squad
65540,Gothic 1
65790,ARMA: Cold War Assault
65800,Dungeon Defenders
65930,The Bureau: XCOM Declassified
65980,Sid Meier's Civilization®: Beyond Earth™
67370,The Darkness II
70000,Dino D-Day
70300,VVVVVV
70400,Recettear: An Item Shop's Tale
70600,Worms Ultimate Mayhem
71230,Crazy Taxi
71260,Space Channel 5: Part 2
71340,Sonic Generations Collection
72850,The Elder Scrolls V: Skyrim
73170,Darkest Hour: A Hearts of Iron Game
78000,Bejeweled® 3
80310,Gemini Rue
91600,Sanctum
91700,E.Y.E: Divine Cybermancy
92000,Hydrophobia: Prophecy
92100,DETOUR
92800,SpaceChem
94300,The Dream Machine: Chapter 1 & 2
94400,Nidhogg
95400,ibb & obb
96000,The Tiny Bang Story
96100,Defy Gravity Extended
97000,Solar 2
97330,Magic: The Gathering - Duels of the Planeswalkers 2013
98200,Frozen Synapse
98300,Toy Soldiers
98400,Hard Reset 
98800,Dungeons of Dredmor
102500,Kingdoms of Amalur: Reckoning™
102600,Orcs Must Die!
102840,Shank 2
104200,BEEP
104900,ORION: Prelude
105000,A New Beginning - Final Cut
105450,Age of Empires® III: Complete Collection
105600,Terraria
107100,Bastion
107200,Space Pirates and Zombies
107300,Breath of Death VII
107310,Cthulhu Saves the World
107410,Arma 3
108200,Ticket to Ride
108600,Project Zomboid
108710,Alan Wake
108800,Crysis 2 - 
110800,L.A. Noire
113020,Monaco: What's Yours Is Mine
113200,The Binding of Isaac
115100,Costume Quest
115320,Prototype 2
115800,Owlboy
200010,Quantum Conundrum
200170,Worms Revolution
200260,Batman: Arkham City - 
200510,XCOM: Enemy Unknown
200710,Torchlight II
200900,Cave Story+
201510,Flatout 3: Chaos & Destruction
201790,Orcs Must Die! 2
201810,Wolfenstein: The New Order
201870,Assassin's Creed® Revelations
202750,Alan Wake's American Nightmare
202970,Call of Duty®: Black Ops II
203140,Hitman: Absolution™
203160,Tomb Raider
203750,Binary Domain
203770,Crusader Kings II
203830,The Dark Eye: Chains of Satinav
204030,Fable - The Lost Chapters
204060,Superbrothers: Sword & Sworcery EP
204100,Max Payne 3
204120,LEGO® Harry Potter: Years 5-7
204180,Waveform
204240,The Bridge
204300,Awesomenauts - the 2D moba
204340,Serious Sam 2
204360,Castle Crashers®
204530,Infested Planet
204630,Retro City Rampage™ DX
204880,Sins of a Solar Empire: Rebellion®
205100,Dishonored
205650,The Testament of Sherlock Holmes
205910,Tiny and Big: Grandpa's Leftovers
205950,Jet Set Radio
206190,Gunpoint
206420,Saints Row IV
206440,To the Moon
207140,SpeedRunners
207170,Legend of Grimrock
207320,Ys: The Oath in Felghana
207350,Ys Origin
207490,Rayman® Origins
207690,Botanicula
208140,Endless Space® - Collection
208200,Doom 3: BFG Edition
208500,F1 2012™
208520,Omerta - City of Gangsters
208580,STAR WARS™ Knights of the Old Republic™ II - The Sith Lords™
208650,Batman™: Arkham Knight
208730,Game of Thrones
208750,Apotheon
209000,Batman™: Arkham Origins
209080,Guns of Icarus Online
209100,Resident Evil: Operation Raccoon City
209120,Street Fighter X Tekken
209160,Call of Duty®: Ghosts
209370,Analogue: A Hate Story
209540,Strike Suit Zero
209650,Call of Duty®: Advanced Warfare - 
209670,Cortex Command
210770,Sanctum 2
210970,The Witness
211260,They Bleed Pixels
211400,Deadlight
211500,RaceRoom Racing Experience
211600,Thief™ Gold
211740,Thief™ II: The Metal Age
211820,Starbound
212010,Galaxy on Fire 2™ Full HD
212630,Tom Clancy's Ghost Recon: Future Soldier™
212680,FTL: Faster Than Light
213330,LEGO® Batman™ 2: DC Super Heroes
213610,Sonic Adventure 2
213670,South Park™: The Stick of Truth™
213850,Magic 2014 — Duels of the Planeswalkers
214170,Divine Divinity
214250,I Am Alive
214340,Deponia
214360,Tower Wars
214490,Alien: Isolation
214700,Thirty Flights of Loving
214730,Space Rangers HD: A War Apart
214770,Guacamelee! 
214870,Painkiller Hell & Damnation
214950,Total War™: ROME II - 
215160,The Book of Unwritten Tales
215280,Secret World Legends
215470,Primal Carnage
215510,Rocketbirds: Hardboiled Chicken
215530,The Incredible Adventures of Van Helsing
215670,Home
216890,Blood Bowl: 
216910,Of Orcs And Men
217140,Rise of the Triad
217200,Worms Armageddon
217920,Alien Rage - Unlimited
218060,BIT.TRIP Presents... Runner2: Future Legend of Rhythm Alien
218410,Defender's Quest: Valley of the Forgotten 
218620,PAYDAY 2
218640,Lucius
218680,Scribblenauts Unlimited
218820,Mercenary Kings: 
219150,Hotline Miami
219640,Chivalry: Medieval Warfare
219680,Proteus
219780,Divinity II: Developer's Cut
219830,King Arthur's Gold
219890,Antichamber
219910,Edna & Harvey: Harvey's New Eyes
219990,Grim Dawn
220160,Trials Evolution: 
220200,Kerbal Space Program
220240,Far Cry 3
220260,Farming Simulator 2013 
220440,DmC: Devil May Cry
220660,StarDrive
220700,RPG Maker VX Ace
220740,Chaos on Deponia
220780,Thomas Was Alone
220820,Zombie Driver HD
220860,McPixel
221020,Towns
221040,Resident Evil 6 / Biohazard 6
221100,DayZ
221260,Little Inferno
221380,Age of Empires II HD
221540,DG2: Defense Grid 2
221640,Super Hexagon
221680,Rocksmith® 
221810,The Cave
221910,The Stanley Parable
222420,THE KING OF FIGHTERS '98 ULTIMATE MATCH 
222440,THE KING OF FIGHTERS 2002 UNLIMITED MATCH
222480,Resident Evil Revelations / Biohazard Revelations
222730,Reus
222750,Wargame: Airland Battle
222880,Insurgency
222940,THE KING OF FIGHTERS XIII 
222980,Dead Pixels
223100,Homefront®: The Revolution
223330,Sea Dogs: To Each His Own - Pirate Open World RPG
223470,POSTAL 2
223810,Ys I & II Chronicles+
223830,Xenonauts
224460,Contrast
224480,Octodad: Dadliest Catch
224500,Gnomoria
224600,Defiance
224760,FEZ
224820,Super House of Dead Ninjas
224920,Legacy of Kain: Soul Reaver
224960,Tomb Raider I
225080,Brothers - A Tale of Two Sons
225160,Shadow Warrior Classic Redux
225260,Brutal Legend
225300,Tomb Raider II
225420,Cities in Motion 2
225540,Just Cause™ 3
225600,Blade Symphony
225640,Sacred 2 Gold
226580,F1 2014
226620,Desktop Dungeons
226720,LOST PLANET® 3
226840,Age of Wonders III
226860,Galactic Civilizations III
227000,Primordia
227080,Papo & Yo
227100,Sniper Elite: Nazi Zombie Army
227160,Kinetic Void
227220,Sang-Froid - Tales of Werewolves
227300,Euro Truck Simulator 2
227580,"10,000,000"
227600,Castle of Illusion
227780,Serious Sam Classics: Revolution
227860,Castle Story
227940,Heroes & Generals
228200,Company of Heroes
228260,Fallen Enchantress: Legendary Heroes
228280,Baldur's Gate: 
228300,Remember Me
228360,Full Throttle Remastered
228380,Wreckfest
228760,TrackMania² Canyon
230050,DLC Quest
230070,The Age of Decadence
230190,War for the Overworld
230270,N++ (NPLUSPLUS)
230290,Universe Sandbox ²
230410,Warframe
230700,La-Mulana
230820,The Night of the Rabbit
231160,The Swapper
231200,Kentucky Route Zero
231330,Deadfall Adventures
231430,Company of Heroes 2
231740,Knights of Pen and Paper +1 Edition
232010,Euro Truck Simulator
232050,Eador. Masters of the Broken World
232090,Killing Floor 2
232430,Gone Home
232750,Mars: War Logs
232770,POSTAL
232790,Broken Age
232890,Stronghold Crusader 2
232910,TrackMania² Stadium
233130,Shadow Warrior
233150,LUFTRAUSERS
233230,Kairo
233270,Far Cry 3 - Blood Dragon
233290,Murdered: Soul Suspect
233450,Prison Architect
233470,Evoland
233550,Another World – 20th 
233610,Distance
233720,Surgeon Simulator
233740,Organ Trail: Director's Cut
233840,Worms Clan Wars
233860,Kenshi
233980,UnEpic
234080,Castlevania: Lords of Shadow – 
234140,Mad Max
234190,Receiver
234270,Ken Follett's The Pillars of the Earth
234630,Project CARS
234650,Shadowrun Returns
234670,NARUTO SHIPPUDEN: Ultimate Ninja STORM 3 Full Burst HD
235210,STRIDER™ / ストライダー飛竜®
235250,Super Sanctum TD
235320,Original War
235380,Blitzkrieg 3
235460,METAL GEAR RISING: REVENGEANCE
235540,Warhammer: End Times - Vermintide
235600,Tom Clancy’s Splinter Cell Blacklist
235800,Audiosurf 2
236090,Dust: An Elysian Tail
236110,Dungeon Defenders II
236150,Starpoint Gemini 2
236370,Interstellar Marines
236390,War Thunder
236430,DARK SOULS™ II
236450,PAC-MAN™ 
236510,Takedown: Red Sabre
236690,Blood Bowl 2
236850,Europa Universalis IV
237630,DuckTales: Remastered
237740,Angry Video Game Nerd Adventures
237850,Dreamfall Chapters
237870,Planet Explorers
237890,Agarest: Generations of War
237930,Transistor
237990,The Banner Saga
238010,Deus Ex: Human Revolution - Director's Cut
238090,Sniper Elite 3
238210,System Shock 2
238240,Edge of Space
238320,Outlast
238370,Magicka 2
238430,Contagion
238460,BattleBlock Theater®
238750,Might & Magic X - Legacy
238960,Path of Exile
239030,"Papers, Please"
239070,Hammerwatch
239120,FINAL FANTASY III
239140,Dying Light
239160,Thief
239200,Amnesia: A Machine for Pigs
239250,Castlevania: Lords of Shadow 2
239800,Bleed
239820,Game Dev Tycoon
239840,Dead State: Reanimated
240720,Getting Over It with Bennett Foddy
240760,Wasteland 2: Director's Cut
241260,Sherlock Holmes: Crimes and Punishments
241410,CastleStorm
241560,The Crew™
241600,Rogue Legacy
241910,Goodbye Deponia
242050,Assassin’s Creed® IV Black Flag™
242570,Space Hulk
242640,Styx: Master of Shadows
242680,Nuclear Throne
242700,Injustice: Gods Among Us 
242760,The Forest
242820,140
242840,In Verbis Virtus
242860,Verdun
242880,"Sir, You Are Being Hunted"
242920,Banished
243120,Betrayer
243200,Memoria
243450,Urban Trial Freestyle
243470,Watch_Dogs™
243800,Gas Guzzlers Extreme
243930,Bound By Flame
243950,Divinity: Dragon Commander
243970,"Invisible, Inc."
244030,Take On Mars
244160,Homeworld Remastered Collection
244210,Assetto Corsa
244430,realMyst: 
244450,Men of War: Assault Squad 2
244710,Shelter
244730,Divekick
244770,StarMade
244850,Space Engineers
244870,Electronic Super Joy
244910,Homesick
244930,SNOW
245170,Skullgirls
245280,ENSLAVED™: Odyssey to the West™ 
245390,"I Have No Mouth, and I Must Scream"
245470,Democracy 3
245490,Trials Fusion™
245620,Tropico 5
246090,Spacebase DF-9
246110,MASSIVE CHALICE
246420,Kingdom Rush
246580,The Typing of The Dead: Overkill
246620,Plague Inc: Evolved
246700,Strike Vector
246760,Legends of Eisenwald
246840,FATE
246900,Viscera Cleanup Detail
247000,Talisman: 
247020,"Cook, Serve, Delicious!"
247080,Crypt of the NecroDancer
247240,Volgarr the Viking
247430,Hitman: Contracts
247660,Deadly Premonition: The Director's Cut
247730,Nether: Resurrected
247950,Sacred 3
248310,Freedom Planet
248390,Craft The World
248610,Door Kickers
248820,Risk of Rain
248860,NEO Scavenger
249050,Dungeon of the Endless™
249130,LEGO® Marvel™ Super Heroes
249230,Risen 3 - Titan Lords
249590,Teslagrad
249650,Blackguards
249680,Marlow Briggs and the Mask of Death
249870,Scribblenauts Unmasked: A DC Comics Adventure
249990,FORCED: 
250050,Life Goes On: Done to Death
250110,Assault Android Cactus
250180,METAL SLUG 3
250260,Jazzpunk: Director's Cut
250320,The Wolf Among Us
250340,Blockland
250380,Knock-knock
250400,How to Survive
250500,Super Amazing Wagon Adventure
250520,UnderRail
250620,Among the Sleep - 
250760,Shovel Knight: Treasure Trove
250900,The Binding of Isaac: Rebirth
251060,Wargame: Red Dragon
251110,INFRA
251130,Chroma Squad
251150,The Legend of Heroes: Trails in the Sky
251170,Damned
251290,The Legend of Heroes: Trails in the Sky SC
251470,TowerFall Ascension
251570,7 Days to Die
251730,Legend of Grimrock 2
251870,Go! Go! Nippon! ~My First Trip to Japan~
251990,Long Live The Queen
252030,Valdis Story: Abyssal City
252110,Lovers in a Dangerous Spacetime
252330,Slender: The Arrival
252350,Double Dragon: Neon
252410,SteamWorld Dig
252450,StarDrive 2
252470,Space Pirates And Zombies 2
252490,Rust
252530,OMSI 2: 
252610,Death Road to Canada
252630,Eldritch Reanimated
252670,Nihilumbra
252870,PULSAR: Lost Colony
252950,Rocket League®
253030,Race The Sun
253110,The Cat Lady
253230,A Hat in Time
253250,Stonehearth
253330,Neverending Nightmares
253430,CastleMiner Z
253750,Ikaruga
253840,Shantae: Half-Genie Hero
253900,Knights and Merchants
253980,Enclave
254200,FortressCraft Evolved!
254320,Duskers
254440,Pool Nation
254460,Obscure
254700,resident evil 4 / biohazard 4
255070,Abyss Odyssey
255220,GRID Autosport
255280,1954 Alcatraz
255300,Journey of a Roach
255320,Edna & Harvey: The Breakout
255390,Max: The Curse of Brotherhood
255420,Magic 2015 - Duels of the Planeswalkers
255710,Cities: Skylines
256190,Enemy Front
256290,Child of Light
257030,Project Nimbus
257170,Rebuild 3: Gangs of Deadsville
257350,Baldur's Gate II: 
257510,The Talos Principle
257750,Bloody Trapland
257850,Hyper Light Drifter
258180,Deus Ex: The Fall
258520,The Vanishing of Ethan Carter
258760,Scania Truck Driving Simulator
258970,Gauntlet™ 
259060,Dominions 4: Thrones of Ascension
259550,Hero of the Kingdom
259680,Tales of Maj'Eyal
260190,Marc Eckō's Getting Up: Contents Under Pressure
260210,Assassin’s Creed® Liberation HD
260230,Valiant Hearts: The Great War™ / Soldats Inconnus : Mémoires de la Grande Guerre™
260730,Desperados: Wanted Dead or Alive
260750,Neighbours from Hell Compilation
261110,Killer is Dead - 
261180,Lethal League
261470,Distant Worlds: Universe
261530,Lifeless Planet 
261640,Borderlands: The Pre-Sequel
261760,Lichdom: Battlemage
262060,Darkest Dungeon®
262150,Vanguard Princess
262260,Jets'n'Guns Gold
262280,Dungeons 2
262830,Crimsonland
262940,Broken Sword 5 - the Serpent's Curse
262960,Castle In The Darkness
263060,Blockstorm
263280,Spintires®: The Original Game
263300,BlazBlue: Calamity Trigger
263620,Mitsurugi Kamui Hikae
263760,Turbo Dismount™
263980,Out There Somewhere
264200,One Finger Death Punch
264710,Subnautica
264730,Deadly 30
265210,Viscera Cleanup Detail: Santa's Rampage
265300,Lords Of The Fallen™
265330,Gomo
265550,Dead Rising 3 
265610,Epic Battle Fantasy 4
265890,Hexcells
265930,Goat Simulator
266010,LYNE
266130,Breach & Clear
266210,One Way Heroics
266310,GameGuru
266410,iRacing
266510,Hand of Fate
266840,Age of Mythology: 
267530,The LEGO® Movie - Videogame
268050,The Evil Within
268130,Heat Signature
268400,Panzer Corps
268500,XCOM® 2
268540,The Whispered World 
268650,From the Depths
268750,Magicite
268850,EVGA Precision XOC
268870,Satellite Reign
268910,Cuphead
269030,The Yawhg
269050,Year Walk
269190,Edge Of Eternity
269210,Hero Siege
269650,Dex
269670,BADLAND: 
269770,Secrets of Grindea
269790,DreadOut
269950,X-Plane 11
270150,RUNNING WITH RIFLES
270210,Melody's Escape
270450,Robot Roller-Derby Disco Dodgeball
270550,Yet Another Zombie Defense
270630,Haunt the House: Terrortown
270850,Car Mechanic Simulator 2014
270880,American Truck Simulator
271240,Offworld Trading Company - Free Multiplayer
271500,Sniper Art of Victory
271590,Grand Theft Auto V
271900,Hexcells Plus
272270,Torment: Tides of Numenera
272470,The Incredible Adventures of Van Helsing II
272510,NARUTO SHIPPUDEN: Ultimate Ninja STORM Revolution
272600,Detective Grimoire
273500,Over 9000 Zombies!
274170,Hotline Miami 2: Wrong Number
274190,Broforce
274230,RONIN
274270,NOT A HERO
274290,Gods Will Be Watching
274310,Always Sometimes Monsters
274350,Dropsy
274500,Brigador: Up-Armored Edition
274520,Darkwood
274560,Revolution Ace
274900,Murder Miners
274920,FaceRig
274940,Depth
275100,Shelter 2
275200,Westerado: Double Barreled
275390,Guacamelee! Super Turbo Championship Edition
275670,Space Run
275850,No Man's Sky
276810,Mordheim: City of the Damned
277430,Halo: Spartan Assault
277590,Assassin's Creed Freedom Cry
278080,DYNASTY WARRIORS 8: Xtreme Legends  / 真・三國無双７ with 猛将伝
278360,A Story About My Uncle
278890,Angvik
280160,Aragami
280180,Hover
280220,Creeper World 3: Arc Eternal
280680,Krita
280790,Creativerse
281610,Homeworld: Deserts of Kharak
281640,The Banner Saga 2
281920,Splatter - Zombie Apocalypse
281990,Stellaris
282070,This War of Mine
282140,SOMA
282210,Sid Meier's Starships
282400,SuperPower 2 
282440,Quake Live™
282530,Castlevania: Lords of Shadow – Mirror of Fate HD
282560,RollerCoaster Tycoon World™
282760,Circuits
282800,100% Orange Juice
282900,Hyperdimension Neptunia Re;Birth1 / 超次次元ゲイム ネプテューヌRe;Birth1 / 超次次元遊戲戰機少女重生1
283160,House of the Dying Sun
283290,Nosferatu: The Wrath of Malachi
283640,Salt and Sanctuary
283680,Astebreed: 
284160,BeamNG.drive
284390,The Last Door - 
284460,DeadCore
285190,"Warhammer 40,000: Dawn of War III"
285310,RollerCoaster Tycoon®: Deluxe
285330,RollerCoaster Tycoon® 2: Triple Thrill Pack
285440,Crimzon Clover WORLD IGNITION
285500,Hard Truck Apocalypse / Ex Machina
285900,Gang Beasts
285920,TerraTech
286000,Tooth and Tail
286040,Dead Effect
286160,Tabletop Simulator
286260,fault - milestone one
286340,FarSky
286570,F1 2015
286690,Metro 2033 Redux
287290,Resident Evil Revelations 2 / Biohazard Revelations 2
287390,Metro: Last Light Redux
287450,Rise of Nations: 
287630,The Council
287700,METAL GEAR SOLID V: THE PHANTOM PAIN
287980,Mini Metro
288160,The Room
288470,Fable Anniversary
289070,Sid Meier’s Civilization® VI
289130,Endless Legend™
289650,Assassin's Creed® Unity
289950,Construction Simulator 2015
290080,Life is Feudal: Your Own
290300,Rebel Galaxy
290340,Armello
290770,The Fall
290790,Grey Goo
291550,Brawlhalla
291650,Pillars of Eternity
291860,Pit People®
292030,The Witcher® 3: Wild Hunt
292120,FINAL FANTASY® XIII
292140,FINAL FANTASY® XIII-2
292410,Street Racing Syndicate
292730,Call of Duty®: Infinite Warfare
292910,Deponia: The Complete Journey
293180,Overcast - Walden and the Werewolf
293760,Automation - The Car Company Tycoon Game
293780,Crawl
294100,RimWorld
294810,BlazBlue: Continuum Shift Extend
294860,Valkyria Chronicles™
295690,PARTICLE MACE
295790,Never Alone (Kisima Ingitchuna)
296300,Ballistic Overkill
296470,Mount Your Friends
296490,GemCraft - Chasing Shadows
296710,Monstrum
296830,Lucius II
296870,Dreaming Sarah
296970,Renowned Explorers: International Society
297000,Heroes® of Might & Magic® III - 
297120,Heavy Bullets
297130,Titan Souls
297860,Split/Second
298030,Total Annihilation
298050,Master of Orion
298110,Far Cry® 4
298520,Orbital Gear
298600,Lovely Planet
298610,Ylands
298630,The Escapists
299030,Blood: One Unit Whole Blood
299360,Block N Load
299460,Woodle Tree Adventures
299740,Miscreated
300060,ADR1FT
300380,Road Redemption
300550,Shadowrun: Dragonfall - Director's Cut
300570,Infinifactory
301120,Eastside Hockey Manager
301520,Robocraft
301640,Zombie Army Trilogy
301860,Submerged
301910,Saints Row: Gat out of Hell
301970,Screencheat
302080,Bus Driver
302510,Ryse: Son of Rome
302610,Boson X
302670,Call to Arms
303210,The Beginner's Guide
303310,The House in Fata Morgana
303390,Dead Bits
303610,Suicide Guy
303800,The Witcher Adventure Game
304050,Trove
304240,Resident Evil / biohazard HD REMASTER
304390,FOR HONOR™
304410,Hexcells Infinite
304430,INSIDE
304530,Agents of Mayhem
304650,SUNLESS SEA
304730,Train Fever
304930,Unturned
305380,Blue Estate The Game
305620,The Long Dark
306020,Bloons TD 5
306040,The Howler
306130,The Elder Scrolls® Online
306660,Ultimate General: Gettysburg
306760,Obduction
307050,Shan Gui (山桂)
307110,We Need To Go Deeper
307230,"I, Zombie"
307670,Hard West
307690,Sleeping Dogs: 
307780,Mortal Kombat X
307880,Savage Lands
307960,IL-2 Sturmovik: Battle of Stalingrad
308420,Ziggurat
310060,Knights of Pen and Paper 2
310080,Hatoful Boyfriend
310360,Higurashi When They Cry Hou - Ch.1 Onikakushi
310470,Grand Ages: Medieval
310510,Deathtrap
310560,DiRT Rally
310790,Geometry Wars™ 3: Dimensions Evolved
310950,Street Fighter V
311210,Call of Duty®: Black Ops III
311240,Zero Escape: Zero Time Dilemma
311260,The Guild 3
311290,SpellForce 3
311310,Naval Action
311340,METAL GEAR SOLID V: GROUND ZEROES
311560,Assassin’s Creed® Rogue
311690,Enter the Gungeon
311730,DEAD OR ALIVE 5 Last Round: Core Fighters
311770,LEGO® Pirates of the Caribbean: The Video Game
311870,Super Trench Attack!
312520,Rain World
312530,Duck Game
312610,METAL SLUG X
312660,Sniper Elite 4
312670,Strange Brigade
312750,FINAL FANTASY IV
312780,Way of the Samurai 4
312840,Fahrenheit: Indigo Prophecy Remastered
313010,Cities XXL
313020,Soul Gambler
313120,Stranded Deep
313160,Farming Simulator 15
313340,Mountain
313630,The Solus Project
313690,LEGO® Batman™ 3: Beyond Gotham
313740,Sakura Spirit
313780,Conarium
314020,Morphopolis
314160,Microsoft Flight Simulator X: 
314230,Rodina
314410,Rampage Knights
314520,Euro Fishing
314660,Oddworld: New 'n' Tasty
314710,Mighty No. 9
315430,Polarity
315460,Dig or Die
315660,Trainz: A New Era
315810,eden*
316010,Magic Duels
316430,Battle of Empires : 1914-1918
316720,planetarian ~the reverie of a little planet~
316790,Grim Fandango Remastered
317250,Airscape - The Fall of Gravity
317820,Guild of Dungeoneering
318020,Act of Aggression - 
318100,AXYOS
318130,Doom & Destiny
318220,Enforcer: Police Crime Action
318230,Convoy
318430,Squishy the Suicidal Pig
318600,The Flame in the Flood
319510,Five Nights at Freddy's
319630,Life is Strange - Episode 1
319910,Trine 3: The Artifacts of Power
320040,Moon Hunters
320140,Absolute Drift
320240,We Happy Few
320300,Car Mechanic Simulator 2015
321360,Primal Carnage: Extinction
321800,Icewind Dale: 
321960,Might & Magic® Heroes® VII
322110,20XX
322170,Geometry Dash
322190,SteamWorld Heist
322210,"Guns, Gore & Cannoli"
322330,Don't Starve Together
322500,SUPERHOT
322520,DYNASTY WARRIORS® 8 Empires
322770,Vanishing Realms™
322780,Worlds Adrift
322910,"Warhammer 40,000: Regicide"
323060,Tharsis
323190,Frostpunk
323220,Vagante
323320,Grow Home
323470,DRAGON BALL XENOVERSE
323580,Jotun: Valhalla Edition
323720,Decay: The Mare
323850,Move or Die
324080,Rising World
324160,CLANNAD
324310,Bus Simulator 16
324510,Boundless
324570,Halo: Spartan Strike
324680,Impossible Creatures 
324800,Shadow Warrior 2
324810,TOXIKK™
325120,Notch - The Innocent LunA: Eclipsed SinnerS
325610,Total War: ATTILA
326180,Sinister City
326410,Windward
326460,ShellShock Live
326480,If My Heart Had Wings
327030,Worms W.M.D
327070,Gloria Victis
327090,Out of Reach
327220,Anna's Quest
327410,A Bird Story
327860,Salt
327890,I am Bread
328070,Reflex Arena
328080,Rise to Ruins
329050,Devil May Cry® 4 
329130,Reassembly
329430,State of Decay: YOSE
329440,Sonic Lost World
329490,Phantom Breaker: Battle Grounds
330390,Grandia® II 
330580,Shark Attack Deathmatch 2
330830,Tales from the Borderlands
331440,bit Dungeon II
331480,Pinstripe
331500,Executive Assault
331600,One Piece Pirate Warriors 3
331670,The Jackbox Party Pack
331690,Crossing Souls
331870,AER Memories of Old
332200,Axiom Verge
332310,LEGO® Worlds
332500,GRAV
332570,Amazing Frog?
332800,Five Nights at Freddy's 2
333250,Forward to the Sky
333420,Cossacks 3
333600,NEKOPARA Vol. 1
333640,Caves of Qud
333930,Dirty Bomb®
333950,Medieval Engineers
333980,AKIBA'S TRIP: Undead ＆ Undressed
334040,Down To One
334230,Town of Salem
334420,Out There: Ω Edition
334940,Yoku's Island Express
335000,Tormentum - Dark Sorrow
335300,DARK SOULS™ II: Scholar of the First Sin
335620,Star Traders: Frontiers
335670,LISA
336140,Unavowed
337000,Deus Ex: Mankind Divided
337320,Paint the Town Red
337340,Finding Paradise
338170,Ratz Instagib
338390,The Technomancer
339200,Oceanhorn: Monster of Uncharted Seas
339230,ZOMBI
339340,Resident Evil 0 / biohazard 0 HD REMASTER
339350,Choice of Robots
339800,HuniePop
340050,Survivalist
340150,Basement
340170,FINAL FANTASY TYPE-0™ HD
341000,Mad Games Tycoon
341310,Greyfox RPG
341500,Camera Obscura
341800,Keep Talking and Nobody Explodes
341940,Hatred
342180,Arizona Sunshine
342310,RIOT: Civil Unrest
342380,Sakura Angels
342560,Airships: Conquer the Skies
342580,12 Labours of Hercules
342940,Project: Gorgon
343710,Kholat
343860,Tacoma
344040,Voxelized
344760,Reign Of Kings
344770,fault - milestone two side:above
344850,Big Pharma
345180,Victor Vran ARPG
345260,Medieval: Total War™ - Collection
345350,LIGHTNING RETURNS™: FINAL FANTASY® XIII
345390,King's Quest
345660,RIDE
345820,Shantae and the Pirate's Curse
346010,Besiege
346110,ARK: Survival Evolved
346560,Hero of the Kingdom II
346940,Shadowrun: Hong Kong - 
347430,Frankenstein: Master of Death
347620,Gaokao.Love.100Days
347830,Fairy Fencer F
348020,Bloodbath Kavkaz
348470,SAMURAI WARRIORS 4-II
348550,GUILTY GEAR XX ACCENT CORE PLUS R
348710,Saint Seiya: Soldiers' Soul
349040,NARUTO SHIPPUDEN: Ultimate Ninja STORM 4
350080,Wolfenstein: The Old Blood
350640,Sherlock Holmes: The Devil's Daughter
351100,Niffelheim
351290,SURVIVAL
351710,Hyperdimension Neptunia Re;Birth2: Sisters Generation / 超次次元ゲイム ネプテューヌRe;Birth2 / 超次次元遊戲 戰機少女 重生2
351920,Crazy Machines 3
351970,Tales of Zestiria
351990,Riff Racer - Race Your Music!
352400,LEGO® Jurassic World
352460,Dead Realm
352520,The Silent Age
352550,Urban Empire
352720,The Universim
353270,Hyperdimension Neptunia Re;Birth3 V Generation / 神次次元ゲイム ネプテューヌRe;Birth3 V CENTURY / 神次次元遊戲 戰機少女 重生3 Ｖ世紀
353330,Love at First Sight
353560,Plug & Play
353640,Train Valley
354140,Five Nights at Freddy's 3
354240,"Please, Don’t Touch Anything"
354380,Assassin’s Creed® Chronicles: China
355050,Sky Force Anniversary
355790,Styx: Shards of Darkness
355980,Dungeon Warfare
356040,Sheltered
356190,Middle-earth™: Shadow of War™
356400,Thumper
356500,STAR WARS™ Galactic Battlegrounds Saga
356570,Party Hard
356650,Death's Gambit
357070,UBERMOSH
357190,ULTIMATE MARVEL VS. CAPCOM 3
357310,Oriental Empires
357770,The District
358090,D4: Dark Dreams Don’t Die -Season One-
358130,Curious Expedition
359050,Shower With Your Dad Simulator 2015: Do You Still Shower With Your Dad
359310,Evoland 2
359320,Elite Dangerous
359390,Amnesia™: Memories
359550,Tom Clancy's Rainbow Six® Siege
359870,FINAL FANTASY X/X-2 HD Remaster
360150,How To Survive: Third Person Standalone
360170,How to Survive 2
360430,Mafia III
360640,12 Labours of Hercules II: The Cretan Bull
360740,Downwell
360830,Yooka-Laylee
360940,The Mean Greens - Plastic Warfare
361280,Turmoil
361300,Mother Russia Bleeds
361420,ASTRONEER
361550,Cradle
361800,Tree of Life
361990,Lakeview Cabin Collection
362490,Exanima
362620,Software Inc.
362680,Fran Bow
362890,Black Mesa
362930,Garfield Kart
362960,Tyranny
363130,Toukiden: Kiwami
363150,ROMANCE OF THE THREE KINGDOMS XIII / 三國志13
363360,Interstellar Rift
363440,Mega Man Legacy Collection / ロックマン クラシックス コレクション
363600,Holy Potatoes! A Weapon Shop?!
363680,Battlefleet Gothic: Armada
363890,RPG Maker MV
363930,Dead Age
364360,Total War: WARHAMMER
364420,Roguelands
364470,The Elder Scrolls®: Legends™
365160,Kona
365360,Battle Brothers
365450,Hacknet
365590,Tom Clancy’s The Division™
365960,rFactor 2
366090,Colony Survival
366220,Wurm Unlimited
366250,METAL SLUG
366320,Seasons after Fall
366910,The Long Journey Home
367270,Angels Fall First
367450,Poly Bridge
367500,Dragon's Dogma: Dark Arisen
367520,Hollow Knight
367580,Hook
367670,Controller Companion
368070,Sniper Ghost Warrior 3
368230,Kingdom: Classic
368340,CrossCode
368360,60 Seconds!
368370,Her Story
368390,The Darkside Detective
368500,Assassin's Creed® Syndicate
368620,Timespinner
368730,No Time To Explain Remastered
368990,Despair
369070,Slain: Back from Hell
369580,NotTheNameWeWanted
369990,"Gremlins, Inc."
370280,Season of 12 Colors
370360,TIS-100
370910,Kathy Rain
371520,Bounty Train
371660,Far Cry® Primal
371970,Barony
372000,Tree of Savior (English Ver.)
372360,Tales of Symphonia
373180,Kung Fury: Street Rage
373390,Contradiction - Spot The Liar!
373420,Divinity: Original Sin - 
373770,LiEat
373930,Sudden Strike 4
374030,Virginia
374040,Portal Knights
374280,Hired Ops
374320,DARK SOULS™ III
374900,Agatha Christie - The ABC Murders
375230,"Warhammer 40,000: Eternal Crusade"
375480,Chronicon
375530,"Football, Tactics & Glory"
375820,Human Resource Machine
375900,Trackmania® Turbo
375910,Anno 2205™
376210,The Isle
376300,GUILTY GEAR Xrd -SIGN-
376870,Minecraft: Story Mode - A Telltale Games Series
377160,Fallout 4
377530,侠客风云传(Tale of Wuxia)
377840,FINAL FANTASY IX
378540,The Surge
378610,Valley
378660,Blues and Bullets
378720,Thea: The Awakening
378860,Project CARS 2
379430,Kingdom Come: Deliverance
379720,DOOM
379980,Panzermadels: Tank Dating Simulator
380150,STASIS
381120,Shoppe Keep
381210,Dead by Daylight
382110,Virtual Desktop
382140,SKYHILL
382310,Eco
382890,FINAL FANTASY V
382900,FINAL FANTASY VI
383120,Empyrion - Galactic Survival
383150,Dead Island 
383180,Dead Island: Riptide 
383230,Dungeon Souls
383840,Nimbatus - The Space Drone Constructor
383870,Firewatch
383980,Rivals of Aether
384110,Pathologic Classic HD
384190,ABZU
384300,CPUCores :: Maximize Your FPS
384490,NECROPOLIS: 
385380,Planet Centauri
385730,WWE 2K16
385760,NBA 2K17
385800,NEKOPARA Vol. 0
386070,Planetary Annihilation: TITANS
386360,SMITE®
386480,Blood Code
386620,"Cook, Serve, Delicious! 2!!"
386880,Rake
386940,Ultimate Chicken Horse
387290,Ori and the Blind Forest: 
387340,Hyperdimension Neptunia U: Action Unleashed
387990,Scrap Mechanic
388090,Five Nights at Freddy's 4
388210,Day of the Tentacle Remastered
388410,Darksiders II 
388750,BlazBlue: Chronophantasma Extend
388800,Azure Striker Gunvolt
388880,Oxenfree
389140,Horizon Chase Turbo
389510,Wild Animal Racing
389730,TEKKEN 7
390520,PewDiePie: Legend of the Brofist
391040,F1 2016
391220,Rise of the Tomb Raider™
391260,Labyronia RPG
391540,Undertale
391720,Layers of Fear
391730,Crashlands
392110,Endless Space® 2
392160,X4: Foundations
393080,Call of Duty®: Modern Warfare® Remastered
393380,Squad
393420,Hurtworld
393520,Iconoclasts
394230,Battleborn
394310,Punch Club
394360,Hearts of Iron IV
394510,HELLDIVERS™ 
394690,Tower Unite
394760,Dead Effect 2
394970,DEADBOLT
395170,DISTRAINT: 
395200,Ben and Ed
396650,ACE Academy
396750,EVERSPACE™
396900,GRIP: Combat Racing
397060,Faeria
397270,A Kiss For The Petals - Remembering How We Met
397340,SimplePlanes
397460,The Jackbox Party Pack 2
397740,Hylics
397950,Clustertruck
398710,Timberman
398850,Epistory - Typing Chronicles
399120,Prospekt
399670,Game Corp DX
399810,Call of Cthulhu®
399820,Kopanito All-Stars Soccer
400080,Out of Space
400170,The Incredible Adventures of Van Helsing: Final Cut
400630,Wuppo
400910,Rabi-Ribi
400940,Budget Cuts
401190,Dinosaur Hunt
401680,POSTAL Redux
402020,The Park
402130,FlatOut 4: Total Insanity
402180,Sakura Swim Club
402330,Press X to Not Die
402570,Atlas Reactor
402710,Osiris: New Dawn
403120,THE GAME OF LIFE
403190,Planetbase
403640,Dishonored 2
404540,Nex Machina
404590,Vikings - Wolves of Midgard
404680,Hob
405310,LEGO® MARVEL's Avengers
405640,Pony Island
405710,Staxel
405820,Turok
405830,Turok 2: Seeds of Evil
405900,Disgaea PC / 魔界戦記ディスガイア PC
406150,Refunct
406290,Twilight Struggle
406350,KartKraft™
406550,Umineko When They Cry - Question Arcs
406970,The Uncertain: Last Quiet Day
407330,Sakura Dungeon
407560,Killing Room
407810,Hard Reset Redux
407840,Guardians of Orion (Phase 1)
408410,X-Morph: Defense
409590,KINGDOMS
409710,BioShock™ Remastered
409720,BioShock™ 2 Remastered
410110,12 is Better Than 6
410320,EARTH DEFENSE FORCE 4.1 The Shadow of New Despair
410340,Liftoff: FPV Drone Racing
410710,System Shock: 
410850,DRAGON QUEST HEROES™ 
410900,Forts
411300,ELEX
411370,Melty Blood Actress Again Current Code
411560,Reveal The Deep
411830,SENRAN KAGURA SHINOVI VERSUS
411960,TY the Tasmanian Tiger
412450,The Black Death
412740,Audioshield
412830,STEINS;GATE
412880,Drift Streets Japan
413150,Stardew Valley
413410,Danganronpa: Trigger Happy Havoc
413420,Danganronpa 2: Goodbye Despair
413710,Blood and Gold: Caribbean!
414340,Hellblade: Senua's Sacrifice
414700,Outlast 2
414740,RAID: World War II
415200,Motorsport Manager
415420,Nyan Cat: Lost In Space
415590,Earthfall
416210,Block'hood
416590,Emily Wants To Play
416600,Full Metal Furies
416680,Zombie Night Terror
417290,Ghost of a Tale
417880,Everybody's Gone to the Rapture
418030,Subsistence
418070,Turbo Pug
418180,Tempest: Pirate Action RPG
418240,Shadow Tactics: Blades of the Shogun
418340,RWBY: Grimm Eclipse
418370,RESIDENT EVIL 7 biohazard / BIOHAZARD 7 resident evil
418460,Rising Storm 2: Vietnam
418650,Space Pirate Trainer
419460,"That Dragon, Cancer"
419480,Starpoint Gemini Warlords
420000,Home Design 3D
420110,NEKOPARA Vol. 2
420290,Blackwake
420440,Atlantic Fleet
420530,OneShot
420740,The Deed
421020,DiRT 4
421040,Plantera
421050,Deponia Doomsday
421120,Samorost 3
422810,River City Ransom: Underground
422870,Super Duper Flying Genocide 2017
422970,Devil Daggers
423230,Furi
423580,Project Highrise
424030,War of Rights
424370,Wolcen: Lords of Mayhem
424840,Little Nightmares
425220,One Piece Burning Blood
425580,The Room Two
426000,HunieCam Studio
426790,Grow Up
427100,Fernbus Simulator
427190,DEAD RISING®
427250,8-Bit Armies
427290,Vampyr
427520,Factorio
427730,Who's Your Daddy
427820,Hitman GO: 
428550,Momodora: Reverie Under The Moonlight
428660,Deliver Us The Moon: Fortuna
428690,Youtubers Life
429050,Feed and Grow: Fish
429660,Tales of Berseria™
429720,IMSCARED
430210,Megaton Rainfall
430960,Lucy -The Eternity She Wished For-
431180,WolfQuest
431240,Golf With Your Friends
431600,Automobilista
431960,Wallpaper Engine
432020,What's under your blanket !?
432350,Epic Battle Fantasy 5
433100,The Town of Light
433170,Die Young
433340,Slime Rancher
433530,Heliborne
433850,Z1 Battle Royale
433910,Neon Drive
433950,Bit Blaster XL
434030,Aerofly FS 2 Flight Simulator
434050,Duke Nukem 3D: 20th Anniversary World Tour
434170,The Jackbox Party Pack 3
434260,My Name is Mayo
434460,Rock of Ages 2: Bigger & Boulder™
434570,Blood and Bacon
434650,Lost Castle
434730,Half Dead
435120,Rusty Lake Hotel
435150,Divinity: Original Sin 2 - 
435400,Hidden Folks
435530,The Final Station
436320,Raw Data
436520,Line of Sight
437630,State of Mind
437920,Tricky Towers
438270,Learn Japanese To Survive! Hiragana Battle
438480,Rock 'N' Roll Defense
438490,GOD EATER 2 Rage Burst
438640,LEGO® STAR WARS™: The Force Awakens
438740,Friday the 13th: The Game
439190,Stories: The Path of Destinies
440650,Niche - a genetics survival game
440880,The Count Lucanor
440900,Conan Exiles
441790,Fragmented
441830,I am Setsuna
441870,OutDrive
442780,STRAFE: 
443810,This Is the Police
444090,Paladins®
445190,Expeditions: Viking
445220,Avorion
445310,Might and Magic: Heroes VII – Trial by Fire
445980,Wizard of Legend
446020,Jalopy - The Road Trip Driving Indie Car Game (公路旅行驾驶游戏)
446150,GUNS UP!
446560,Just Dance 2017
446800,Transport Fever
447020,Farming Simulator 17
447040,Watch_Dogs® 2
447150,APE OUT
447290,Redeemer
447530,VA-11 Hall-A: Cyberpunk Bartender Action
447820,Day of Infamy
448280,Job Simulator
448370,IS Defense
448510,Overcooked
448780,Sixtieth Kilometer
448850,Overload
449540,There's Poop In My Soup
449800,Attack on Titan / A.O.T. Wings of Freedom
449960,Book of Demons
450540,"Hot Dogs, Horseshoes & Hand Grenades"
451020,Battle Chasers: Nightwar
451340,Gold Rush: The Game
451520,theBlu
451760,Highway Blossoms
452060,Caveblazers
452440,Flowers -Le volume sur printemps-
453090,Parkitect
454350,Days of War
454650,DRAGON BALL XENOVERSE 2
455120,Stay Close
455980,Judgment: Apocalypse Survival Simulation
456670,Hand of Fate 2
456750,The Room Three
457140,Oxygen Not Included
457210,SEUM: Speedrunners from Hell
457330,High Octane Drift
458710,Kingdom Rush Frontiers
459220,Halo Wars: 
460120,Megadimension Neptunia VII
460790,Bayonetta
460810,Vanquish
460920,Steep™
460930,Tom Clancy's Ghost Recon® Wildlands
460950,Katana ZERO
461430,EmergeNYC
461620,Predynastic Egypt
461840,Zenge
461950,Beat Cop
462770,Pyre
462780,Darksiders Warmastered Edition
463270,Ghost 1.0
463530,Empires of the Undergrowth
464060,RUINER
464340,Syberia 3
464350,Screeps
464920,Surviving Mars
465240,Serious Sam VR: The Last Hope
466130,White Day: A Labyrinth Named School
466240,Deceit
466300,Planescape: Torment: 
466500,35MM
466560,Northgard
466860,上帝之城 I：监狱帝国 [City of God I - Prison Empire]
467520,Power & Revolution
467960,Home Behind
468920,Ultimate Fishing Simulator
469600,Legion TD 2
469610,Rick and Morty: Virtual Rick-ality
469820,Genital Jousting
470220,UNO
470260,Event[0]
470310,Troubleshooter
471550,Nine Parchments
473690,Absolver
473740,Crystal City
474750,Reigns
474960,Quantum Break
475150,Titan Quest 
475190,Scanner Sombre
475550,Beholder
476600,Call of Duty®: WWII
477160,Human: Fall Flat
477730,Eador. Imperium
477740,Zero Escape: The Nonary Games
477770,Ride 2
477870,Yomawari: Night Alone / 夜廻
480490,Prey
480650,Yu-Gi-Oh! Legacy of the Duelist
481510,Night in the Woods
483980,Mad Father
484900,Aven Colony
485380,Welcome to the Game
485460,The Banner Saga 3
485510,Nioh:  / 仁王 
485610,Ball 3D: Soccer Online
485980,Syrian Warfare
486310,Meadow
487000,Quest Hunter
487120,Citadel: Forged with Fire
487720,Agony
488310,Eleven: Table Tennis VR
488790,South Park™: The Fractured But Whole™
489360,CASE: Animatronics
489520,Minion Masters
489630,"Warhammer 40,000: Gladius - Relics of War"
489830,The Elder Scrolls V: Skyrim 
489940,BATTALION 1944
490920,Wolfpack
491040,Bot Vice
491530,Notruf 112 | Emergency Call 112
491950,Orwell: Keeping an Eye On You
492720,Tropico 6
493200,RiME
493340,Planet Coaster
493490,City Car Driving
493840,Marvel vs. Capcom: Infinite
493900,Dungeons 3
494150,The Thrill of the Fight - VR Boxing
494430,Praey for the Gods
495140,NARUTO: Ultimate Ninja STORM
495280,Disgaea 2 PC / 魔界戦記ディスガイア2 PC
495890,Montaro
495990,True Love ～Confide to the Maple～
496240,Onward
496300,Kingdom: New Lands
496460,Life is Feudal: Forest Village
496810,MegaTagmension Blanc + Neptune VS Zombies (Neptunia)
496890,Replica
497180,Street Legal Racing: Redline v2.3.1
498240,Batman - The Telltale Series
499440,klocki
499520,The Turing Test
500260,Ben and Ed - Blood Party
500810,Arcanum: Of Steamworks and Magick Obscura
501080,Fishing: Barents Sea
501300,What Remains of Edith Finch
501590,Bulletstorm: 
502280,BERSERK and the Band of the Hawk
502500,ACE COMBAT™ 7: SKIES UNKNOWN
502520,Ultimate General: Civil War
502800,SENRAN KAGURA ESTIVAL VERSUS
502820,Batman™: Arkham VR
503300,Super Star
503350,White Noise 2
503560,911 Operator
503580,Duck Season
503940,Railway Empire
504050,Planet Nomads
504210,SHENZHEN I/O
504230,Celeste
504370,Battlerite
505170,Carmageddon: Max Damage
505460,Foxhole
506500,Party Panic
506610,Five Nights at Freddy's: Sister Location
507010,Mr.President!
507490,Ashes of the Singularity: Escalation
508190,Dragon Knight
508440,Totally Accurate Battle Simulator
508550,Sneak Thief
508900,Zup! X
508980,Crashday Redline Edition
509220,Save Jesus
509580,The Lord of the Rings: Living Card Game
509980,BIGFOOT
510420,The Hex
510510,WWE 2K17
511470,Glass Masquerade
511680,Fate/EXTELLA
511740,Gal*Gun: Double Peace
512250,Oh...Sir!! The Insult Simulator
512790,Quern - Undying Thoughts
512900,Streets of Rogue
513230,The Underground Man
513510,Intralism
513710,SCUM
514900,>observer_
515040,Make America Great Again: The Trump Presidency
515180,Bus Simulator 18
515220,F1™ 2017
516750,My Summer Car
517630,Just Cause 4
517710,Redout: 
517790,Caesar™ 3
518030,Aim Hero
518060,Chess Ultra
518150,Intruder
518790,theHunter: Call of the Wild™
519190,Next Day: Survival
519860,DUSK
520440,GUILTY GEAR Xrd -REVELATOR-
520720,Dear Esther: 
521150,Another Brick in The Mall
521890,Hello Neighbor
522470,The House of Da Vinci
523000,Princess Maker 2 Refine
523210,A Normal Lost Phone
523650,Lust for Darkness
523660,HYPERCHARGE: Unboxed
523780,Emily is Away Too
524220,NieR:Automata™
524580,Fairy Fencer F Advent Dark Force | フェアリーフェンサー エフ ADVENT DARK FORCE | 妖精劍士 F ADVENT DARK FORCE
525360,Shio
525480,.hack//G.U. Last Recode
525510,"Guns, Gore and Cannoli 2"
526160,The Wild Eight
526740,hack_me
527100,Star Trek™: Bridge Crew
527230,For The King
527270,Atelier Sophie: The Alchemist of the Mysterious Book
527430,"Warhammer 40,000: Inquisitor - Martyr"
527450,Cockroach Simulator
528230,SYNTHETIK: Legion Rising
529180,Dark and Light
530070,Train Sim World®
530320,Wandersong
530890,Haydee
531510,Just Shapes & Beats
532110,Rusty Lake: Roots
532210,Life is Strange 2
533300,Zup!
533540,MONMUSU
534550,Guacamelee! 2
535230,Domina
535480,Sundered®: Eldritch Edition
535930,Two Point Hospital
536930,MOBIUS FINAL FANTASY™
537110,Angels of Death
537340,Guts and Glory
537800,Bomber Crew
538070,Bad Dream: Coma
538100,Feel The Snow
538680,The Legend of Heroes: Trails of Cold Steel
539720,Razortron 2000
540610,Delicious! Pretty Girls Mahjong Solitaire
540840,Lara Croft GO
541210,Cold Waters
541300,Survive the Nights
541570,Sally Face
542050,Forgotton Anne
543260,Wonder Boy: The Dragon's Trap
543460,Dead Rising 4
543870,NARUTO SHIPPUDEN: Ultimate Ninja STORM 2
543900,METAL GEAR SURVIVE
544550,Stationeers
544610,Battlestar Galactica Deadlock
544730,Catan Universe
544750,SOULCALIBUR VI
544920,Darwin Project
545250,Bloody Boobs
546050,Puyo Puyo™Tetris®
546430,Pathway
547860,Rend
548430,Deep Rock Galactic
550010,Happy Room
550470,NosTale
550840,Fresh Body
551730,Toukiden 2
551770,ECHO
552100,Brick Rigs
552500,Warhammer: Vermintide 2
552520,Far Cry® 5
552590,The Sexy Brutale
552620,ATOM RPG: Post-apocalyptic indie game
552700,WORLD OF FINAL FANTASY®
553310,Lethal League Blaze
553520,Trainz Railroad Simulator 2019
553640,ICEY
554310,Rage Wars
554620,Life is Strange: Before the Storm
555150,The First Tree
555160,Pavlov VR
555220,Detention
555440,Deathgarden
555570,Infestation: The New Z
555880,Sairento VR
555950,Danganronpa Another Episode: Ultra Despair Girls
557600,Gorogoa
558420,Stories Untold
558990,Opus Magnum
559100,Phantom Doctrine
559210,Rakuen
559610,Love Ribbon
559650,Witch It
560130,Pillars of Eternity II: Deadfire
562220,Zup! 2
562360,"Planes, Bullets and Vodka"
562500,Warstone TD
562810,MONOPOLY® PLUS
562860,Ion Maiden
563560,Alien Swarm: Reactive Drop
564050,Bud Spencer & Terence Hill - Slaps And Beans
564230,Fire Pro Wrestling World
564530,Pharaoh + Cleopatra
566050,Zeus + Poseidon
566160,Zup! 6
566860,VR Dungeon Knight
566990,Russian Car Driver
567640,Danganronpa V3: Killing Harmony
568090,Tattletail
568220,Lobotomy Corporation | Monster Management Simulation
568570,Force of Nature
568770,Cinderella Phenomenon - Otome/Visual Novel
569480,Kingdoms and Castles
569860,Thimbleweed Park™
570940,DARK SOULS™: REMASTERED
571260,THE KING OF FIGHTERS XIV 
571310,SteamWorld Dig 2
571740,Golf It!
571880,Angels with Scaly Wings
572410,Steel Division: Normandy 44
572430,Party Hard 2
572890,Pikuniku
573090,Stormworks: Build and Rescue
573100,Battlefleet Gothic: Armada 2
574560,"Dude, Stop"
574980,Them's Fightin' Herds
575550,Hell Girls
575640,Zup! 3
575720,Mighty Party
576770,Low Magic Age
577230,Three Kingdoms: The Last Warlord | 三国志:汉末霸业
577670,Demolish & Build 2018
577690,Spooky's Jump Scare Mansion: HD Renovation
577800,NBA 2K18
577940,Killer Instinct
578080,PLAYERUNKNOWN'S BATTLEGROUNDS
578330,LEGO® City Undercover
578620,GORN
578850,64.0
579180,Ys VIII: Lacrimosa of DANA / イースVIII-Lacrimosa of DANA-
579950,Marvel's Guardians of the Galaxy: The Telltale Series
580200,Yonder: The Cloud Catcher Chronicles
581270,Old Man's Journey
581320,Insurgency: Sandstorm
581630,Sword With Sauce
582010,MONSTER HUNTER: WORLD
582160,Assassin's Creed® Origins
582270,Everything
582500,We Were Here
582550,Passpartout: The Starving Artist
582660,Black Desert Online
583470,The End Is Nigh
583950,Artifact
584400,Sonic Mania
584980,Late Shift
585410,GameMaker Studio 2 Desktop
585420,Trailmakers
585450,Shadows: Awakening
585690,Minimalism
585710,Blazing Beaks
586140,BlazBlue Centralfiction
586200,Street Fighter 30th Anniversary Collection
587000,First Strike: Final Hour
587220,Jet Island
587260,Tokyo Xanadu eX+
587430,I Expect You To Die
587450,Saurian
587620,OKAMI HD / 大神 絶景版
588030,Derail Valley
588040,WILL: A Wonderful World / WILL：美好世界
588210,HELLION
588430,Fallout Shelter
588650,Dead Cells
588690,"Peace, Death!"
588730,Majotori
588950,Kingsway
588970,Oik
589290,Holdfast: Nations At War
589360,Ni no Kuni™ II: Revenant Kingdom
589590,Kindergarten
589780,The Red Strings Club
589870,Learn to Fly 3
590380,Into the Breach
591370,Production Line : Car factory simulation
591420,Zup! 4
591460,Parkasaurus
591740,Sniper Fury
592260,Dungeon Painter Studio
593200,The Adventures of Fei Duanmu 端木斐异闻录
593280,Cat Quest
593600,PixARK
594330,Visage
594570,Total War: WARHAMMER II
594650,Hunt Showdown
595140,Immortal Redneck
595280,Throne of Lies® The Online Game of Deceit
595520,FINAL FANTASY XII THE ZODIAC AGE
595690,One Hour One Life
596970,SUNLESS SKIES
597170,Clone Drone in the Danger Zone
597220,West of Loathing
598060,Slasher's Keep
598330,SimAirport
598700,The Vagrant
598810,Carcassonne - Tiles & Tactics
598960,Mashinky
598980,The Coin Game
599080,The Blackout Club
599140,Graveyard Keeper
599390,Battle for Wesnoth
599460,Weapon Shop Fantasy
599750,Crisis in the Kremlin
600090,The Coma: Recut
600480,Megaquarium
600990,The Gardens Between
601050,Attack on Titan 2 - A.O.T.2 - 進撃の巨人２
601150,Devil May Cry 5
601430,The Evil Within 2
601510,Yu-Gi-Oh! Duel Links
602320,Train Valley 2
602520,NEKOPARA Vol. 3
603850,Age of Civilizations II
603960,Monolith
604240,Shotgun Farmers
604330,The Crown of Leaves
604450,Another Adventure
604490,Running Through Russia
605740,"Flashing Lights - Police, Firefighting, Emergency Services Simulator (警情，消防，急救)"
606150,Moonlighter
606230,Thea 2: The Shattering
606280,Darksiders III
606500,HellSign
606800,Startup Company
607050,Wargroove
607890,Sword Art Online: Hollow Realization 
609150,STAR OCEAN™ - THE LAST HOPE -™ 4K & Full HD Remaster
609320,FAR: Lone Sails
609490,Minit
610080,Realm Grinder
610180,The Jackbox Party Pack 4
610360,Zup! Zero
611020,CityBattle | Virtual Earth
611500,Quake Champions
611660,Fallout 4 VR
611670,The Elder Scrolls V: Skyrim VR
611760,Don't Escape: 4 Days in a Wasteland
611790,House Party
611980,Oik 2
612020,Zombidle : REMONSTERED
612070,Kio's Adventure
612470,Bio Inc. Redemption
612880,Wolfenstein II: The New Colossus
613100,House Flipper
613830,CHRONO TRIGGER®
613880,Zoo Tycoon: Ultimate Animal Collection
614570,Dishonored®: Death of the Outsider™
615610,Orbt XL
616110,SPACEPLAN
616250,Crystalline
616560,Ultimate Epic Battle Simulator
616720,Live2DViewerEX
617160,Home Sweet Home
617480,Tower of Time
617670,Zup! S
617830,SUPERHOT VR
618140,Barro
618740,Beat Hazard 2
619150,while True: learn()
619780,The Swords of Ditto
619880,ATOMEGA
619910,Just Cause™ 3: Multiplayer Mod
620590,Ancestors Legacy
620980,Beat Saber
621060,PC Building Simulator
621830,WRC 7 FIA World Rally Championship
622220,Fate/EXTELLA LINK
622650,Bendy and the Ink Machine™
622720,Weedcraft Inc
623940,HIVESWAP: Act 1
624090,Football Manager 2018
624270,The Painscreek Killings
626690,Sword Art Online: Fatal Bullet
627270,Injustice™ 2
629730,Blade and Sorcery
629910,Clicker Heroes 2
630100,SoulWorker - Anime Action MMO
631510,Devil May Cry HD Collection
632300,Hobo: Tough Life
632350,Cyberdimension Neptunia: 4 Goddesses Online | 四女神オンライン CYBER DIMENSION NEPTUNE | 四女神ONLINE 幻次元遊戲戰機少女
632360,Risk of Rain 2
633060,Orwell: Ignorance is Strength
633230,NARUTO TO BORUTO: SHINOBI STRIKER
633360,Remothered: Tormented Fathers
633460,Tannenberg
634160,Cattails | Become a Cat!
635200,Distrust: a Long Dark Polar Survival
635260,CarX Drift Racing Online
635320,Last Day of June
635730,Dragonia
636040,Pixel Worlds: MMO Sandbox
636480,Ravenfield
637090,BATTLETECH
637100,Sonic Forces
637650,FINAL FANTASY XV WINDOWS EDITION
637670,Secret of Mana
637850,Confess My Love
638650,Sword Art Online Re: Hollow Fragment
638970,Yakuza 0
639170,Minecraft: Story Mode - Season Two
639780,Deep Space Waifu: FLAT JUSTICE
639790,DEEP SPACE WAIFU
640820,Pathfinder: Kingmaker
641080,Trials® Rising
641780,The Drone Racing League Simulator
641960,BOXVR
641990,The Escapists 2
642090,Coming Out on Top
644290,MEMORIES OF MARS
644390,D&D Lords of Waterdeep
644560,Mirror
644570,Material Girl
644930,They Are Billions
645090,Zup! 5
645630,Car Mechanic Simulator 2018
646200,Dead Effect 2 VR
646270,60 Parsecs!
646570,Slay the Spire
646910,The Crew™ 2
647830,LEGO® Marvel Super Heroes 2
647960,Rusted Warfare - RTS
648350,Jurassic World Evolution
648390,Marie's Room
648800,Raft
650000,DOOM VFR
650700,Yume Nikki
650760,侠客风云传前传(Tale of Wuxia:The Pre-Sequel)
652980,Loading Screen Simulator
653530,Return of the Obra Dinn
654880,Dream Daddy: A Dad Dating Simulator
654990,Dude Simulator
656200,电竞俱乐部/ESports Club
656240,Heat
657200,Hand Simulator
658560,Zup! 7
658570,FURIDASHI: Drift Cyber Sport
658850,Do Not Feed the Monkeys
660880,b
661790,Witch Hunt
663380,Tales from Candlekeep: Tomb of Annihilation
663390,Rento Fortune - Online Dice Board Game
664430,WWE 2K18
664830,Zombotron
665090,The Initial
665180,Dark Elf
665300,Stream Avatars
665360,Comedy Night
665490,The Monster Inside
666140,My Time At Portia
666220,CS2D
667600,Sky Force Reloaded
667720,Red Faction Guerrilla Re-Mars-tered
667890,Dead Maze
667970,VTOL VR
668210,Super Fancy Pants Adventure
668630,Tricolour Lovestory
671440,Rise of Industry
671510,DESOLATE
672630,Academia : School Simulator
673000,High Hell
673130,AMID EVIL
673610,Airport CEO
673750,Super Bunny Man
673880,"Warhammer 40,000: Mechanicus"
673950,Farm Together
674020,World War 3
674400,Einar
674520,Fight'N Rage
674750,Yet Another Zombie Defense HD
674940,Stick Fight: The Game
675010,MudRunner
675260,Batman: The Enemy Within - The Telltale Series
676820,Subsurface Circular
677120,Heroes of Hammerwatch
677160,We Were Here Too
678800,SAS: Zombie Assault 4
678950,DRAGON BALL FighterZ
679260,Bus Driver Simulator 2019
680320,The Heiress
680360,Regions Of Ruin
681280,Descenders
681660,Bless Online
682130,Discord Bot Maker
683320,GRIS
683900,RollerCoaster Tycoon® Classic
684410,Bridge Constructor Portal
684580,Shoppe Keep 2 - Business and Agriculture RPG Simulation
686190,Killing Time
686200,Door Kickers: Action Squad
688130,Pogostuck: Rage With Your Friends
688420,Bad North
688470,汉匈决战/Han Xiongnu Wars
690040,SUPERHOT: MIND CONTROL DELETE
690510,Black Survival / 黑色幸存者
690530,灵魂筹码 Soul at Stake
690790,DiRT Rally 2.0
690830,Foundation
691450,Misao: 
691690,Ash of Gods: Redemption
694720,notmycar
695290,The Golf Club™ 2019 featuring PGA TOUR
695920,Super Seducer : How to Talk to Girls
696170,SENRAN KAGURA Peach Beach Splash
696370,BROKE PROTOCOL: Online City RPG
697550,It Lurks Below
698640,Deep Sky Derelicts
699170,Fell Seal: Arbiter's Mark
700030,Life is Feudal: MMO
700330,SCP: Secret Laboratory
701160,Kingdom Two Crowns
702670,Donut County
702810,Shooty Skies
702890,BlazBlue: Cross Tag Battle
703700,Our End of the World
704030,Cattle and Crops
704270,Generation Zero
704450,Neverwinter Nights: 
704850,Thief Simulator
705120,Death Coming
705220,Tactical Monsters Rumble Arena
706990,BLOCKPOST
707010,Will To Live Online
711660,CHUCHEL
711990,Elise the Devil
712050,Otaku's Fantasy
712100,Total War Saga: THRONES OF BRITANNIA
712730,SIMULACRA
712840,King Exit
715560,Eastshade
718560,Scythe: 
718590,Dark Devotion
718650,Driftland: The Magic Revival
718670,Cultist Simulator
719890,Beasts of Bermuda
720250,Welcome to the Game II
720280,Fox Hime
722060,Dominions 5 - Warriors of the Faith
722180,SURV1V3
722960,CASE 2: Animatronics Survival
723090,Meltys Quest
723390,Hunt Down The Freeman
723780,Modern Combat Versus
725480,Slap City
726360,Boobs Saga
727850,ELDERBORN
728540,Islands of Nyne: Battle Royale
728880,Overcooked! 2
729040,Borderlands Game of the Year Enhanced
730310,DYNASTY WARRIORS 9 真・三國無双８
730820,The Curse of Monkey Island
731490,Crash Bandicoot™ N. Sane Trilogy
732370,Juicy Realm
732430,Superflight
733070,Sudoku Universe / 数独宇宙
733790,Not Tonight
733990,I Can't Believe It's Not Gambling
734750,PickCrafter
735280,EMERGENCY 20
736220,Post Scriptum
736260,Baba Is You
736850,We. The Revolution
737800,F1 2018
738520,Breathedge
738530,New Gundam Breaker
738540,Tales of Vesperia: 
741260,Mobile Empire
742120,DRAGON QUEST® XI: Echoes of an Elusive Age™ -  of Light
742300,Mega Man 11 / ロックマン11 運命の歯車!!
743390,DISTRAINT 2
743450,Monster Prom
743640,Achievement Clicker
743890,Mega Man X Legacy Collection / ロックマンX アニバーサリー コレクション
744060,Groove Coaster
744190,Rusty Lake Paradise
744900,Dead Frontier 2
747340,Unforgiving - A Northern Hymn
748360,MY HERO ONE'S JUSTICE
748370,STAND OUT : VR Battle Royale
748490,The Legend of Heroes: Trails of Cold Steel II
750920,Shadow of the Tomb Raider
751440,VR Kanojo / VRカノジョ
751780,Forager
753420,Dungreed
755500,ONE PIECE World Seeker
758190,Dragon Cliff
758370,Through the Ages
758870,Kynseed
758990,Ancient Warfare 3
759740,RIDE 3
760060,Mutant Year Zero: Road to Eden
761600,Onimusha: Warlords / 鬼武者
761620,Beholder 2
761890,Albion Online
763410,Long Live Santa!
764790,The Messenger
765410,Bean Battles
766280,A Light in the Dark
766370,Dying Light: Bad Blood
766570,Russian Fishing 4
767560,War Robots
770240,PRO EVOLUTION SOCCER 2019
773951,Freeman: Guerrilla Warfare
774201,Heaven's Vault
774461,The Jackbox Party Pack 5
774861,Project Winter
775940,Rise of Liberty
776490,永遠消失的幻想鄉 ～ The Disappearing of Gensokyo
778700,Amorous
784150,Workers & Resources: Soviet Republic
785740,This Is the Police 2
786520,SAO Utils: Beta
787480,Phoenix Wright: Ace Attorney Trilogy / 逆転裁判123 成歩堂セレクション
787860,Farming Simulator 19
788770,Meteor 60 Seconds!
788880,Horizon Source
789760,DEAD OR SCHOOL
790740,Tick Tock: A Tale for Two
790820,Valkyria Chronicles 4
791330,Fallen ~Makina and the City of Ruins~
792100,7 Billion Humans
793350,Swarmlake
794260,Outward
794800,Clue/Cluedo: The Classic Mystery Game
799070,Zup! 8
800270,Terraforming Mars
801630,UNDER NIGHT IN-BIRTH Exe:Late[st]
802200,Hellbound: Survival Mode
802870,The Ditzy Demons Are in Love With Me
802890,Muv-Luv Alternative
803600,Disgaea 5 Complete / 魔界戦記ディスガイア5
803980,Plane Mechanic Simulator
804490,Creed: Rise to Glory™
805550,Assetto Corsa Competizione
805850,Wrecked
805940,RUSSIA BATTLEGROUNDS
808910,STAR WARS™ Episode I Racer
809140,Cliff Empire
810670,NALOGI
812040,Shortest Trip to Earth
812140,Assassin's Creed® Odyssey
813630,Supraland
814380,Sekiro™: Shadows Die Twice
814540,Changed
815370,Green Hell
815780,PIPE by BMX Streets
816020,JUMP FORCE
816090,Space Hulk: Deathwing - 
816340,Kingdom Rush Origins
817130,WWE 2K19
817510,Golfing Over It with Alva Majo
819500,Fear The Wolves
822240,Animal Jam - Play Wild!
823130,Totally Accurate Battlegrounds
824270,KovaaK's FPS Aim Trainer
825310,Dude Simulator 2
825630,STEINS;GATE 0
828070,Treasure Hunter Claire
829110,LEGO® DC Super-Villains
829590,CryoFall
831560,WARRIORS OROCHI 4 - 無双OROCHI３
831980,Out of the Park Baseball 20
833040,Hiveswap Friendsim
834530,Yakuza Kiwami
834740,Circle Empires
834910,ATLAS
838310,Bloodstained: Curse of the Moon
838380,DEAD OR ALIVE 6
839630,Survisland / 实境求生
840010,Garden Paws
840140,武侠乂 The Swordsmen X
840720,Sword Art Online: Lost Song
840800,Outlaws of the Old West
841370,NBA 2K19
843380,Super Animal Royale
844590,Hypnospace Outlaw
844850,Tower Hunter: Erza's Trial
844930,Fox Hime Zero
845070,The Awesome Adventures of Captain Spirit
846110,The friends of Ringo Ishikawa
846470,Moss
847370,Sunset Overdrive
848350,Katamari Damacy REROLL
848450,Subnautica: Below Zero
850000,Noel The Mortal Fate S1-7
851100,Touhou Luna Nights
853550,Equilinox
853770,Maximum Action
855860,Superfighters Deluxe
858210,Nova Drift
858810,Dawn of Man
859680,Deep Space Waifu: FANTASY
860890,Factory Town
860950,Mark of the Ninja: Remastered
863550,HITMAN™ 2
863570,Super Seducer 2 : Advanced Seduction Tactics
863590,Starcom: Nexus
865090,AHEGAL
866440,What Never Was
868360,Project Hospital
868520,killer7
869760,Stoneshard: Prologue
870200,SimpleRockets 2
872790,Football Manager 2019
873240,Hentai Memory
876650,Aground
877200,Zero Caliber VR
878380,东方大战争 ~ Touhou Big Big Battle
878750,Hentai Girl
879160,Battlerite Royale
880940,Pummel Party
883710,RESIDENT EVIL 2 / BIOHAZARD RE:2
884260,Akane
885810,The Witch's House MV
888090,TREE
888790,Sabbat of the Witch
889510,SENRAN KAGURA Burst Re:Newal
893030,Music Racer
893180,Catherine Classic
893680,Project Warlock
896160,Evil Bank Manager
899440,GOD EATER 3
899970,NEKOPARA Extra
900270,Lonk's Adventure
905370,Conqueror's Blade
907470,Iris.Fall
911400,Assassin's Creed® III Remastered
914260,HALF DEAD 2
914620,Mist Survival
915460,ULTIMATE HARDBASS DEFENCE
919370,Overdungeon
920690,CardLife: Creative Survival
921060,Modern Combat 5
921590,DISSIDIA FINAL FANTASY NT 
921630,音灵 INVAXION
926140,CHANGE: A Homeless Survival Experience
927250,Bladed Fury
927890,Hentai Girl Linda
931500,Touhou Genso Wanderer -Reloaded- / 不可思议的幻想乡TOD -RELOADED- / 不思議の幻想郷TOD -RELOADED-
932850,Simmiland
934840,FrostRunner
935270,Great Hero's Beard
935880,Glass Masquerade 2: Illusions
938220,TAPSONIC BOLD
939400,LoveChoice 拣爱
939520,HELLGATE: London
939960,Far Cry® New Dawn
942970,Unheard
943380,Timberman VS
944220,Gachi Heroes
945360,Among Us
947300,Grim Nights
950100,PRO EVOLUTION SOCCER 2019 LITE
951000,Trap Shrine / 女装神社
951180,Russian Roulette: One Life
951440,Volcanoids
952040,MUSYNX
953580,Tourist Bus Simulator
957790,WAR DUST | 32 vs 32 Battles
960090,Bloons TD 6
962400,Granny
962730,Skater XL
963000,"The Haunted Island, a Frog Detective Game"
963690,Hentai Girl Betty
963710,Lost in Vivo
963930,Contractors
966330,Flower
967050,Pacify
967250,DOKA 2 KISHKI EDITION
968250,King of Retail
970570,CHAOS;CHILD
973760,Thronebreaker: The Witcher Tales
976010,I hate this game
977950,A Dance of Fire and Ice
980300,One Finger Death Punch 2
992300,嗜血印 Bloody Spell
994220,NEOVERSE
995460,Miracle snack shop 기적의 분식집
996380,Smartphone Tycoon
998930,Seek Girl
1000080,神明在上(Zengeon)
1004240,Hentai Girl Karen
1004270,My Island
1008710,Wet Girl
1021950,When the Darkness comes
1025250,Shadow Corridor
1025580,Vainglory
1029630,Power & Revolution 
1031480,東方幕華祭 春雪篇 ～ Fantastic Danmaku Festival Part II
1032430,Blood Trail
1046030,ISLANDERS
1048100,Peekaboo
1051310,Paper Dolls: Original / 纸人：第一章
1053680,Granny Simulator
1055430,Swords and Sandals Classic Collection
1058430,A Legionary's Life
